{
    "clearColor": {
        "a": false,
        "b": 0.0,
        "g": 0.0,
        "r": 0.0
    },
    "configFlags": 1,
    "header": 1,
    "skyGradient": [
        {
            "colorFrom": {
                "a": false,
                "b": 0.0,
                "g": 0.4313725531101227,
                "r": 0.8627451062202454
            },
            "colorTo": {
                "a": false,
                "b": 0.0,
                "g": 0.8509804010391235,
                "r": 0.6941176652908325
            },
            "posFrom": 120.0,
            "posTo": 50.0
        },
        {
            "colorFrom": {
                "a": false,
                "b": 0.0,
                "g": 0.8509804010391235,
                "r": 0.6941176652908325
            },
            "colorTo": {
                "a": false,
                "b": 0.0,
                "g": 0.658823549747467,
                "r": 0.47843137383461
            },
            "posFrom": 50.0,
            "posTo": 20.0
        },
        {
            "colorFrom": {
                "a": false,
                "b": 0.0,
                "g": 0.658823549747467,
                "r": 0.47843137383461
            },
            "colorTo": {
                "a": false,
                "b": 0.125490203499794,
                "g": 0.6627451181411743,
                "r": 0.0
            },
            "posFrom": 20.0,
            "posTo": -120.0
        }
    ]
}
