{
    "dirt_checkpoint": false,
    "dirt_drawflags": false,
    "dirt_quadflags": 6144,
    "dirt_terrain": "Dirt",
    "fence_checkpoint": false,
    "fence_drawflags": true,
    "fence_quadflags": 10240,
    "fence_terrain": "Asphalt",
    "grass_checkpoint": false,
    "grass_drawflags": false,
    "grass_quadflags": 6144,
    "grass_terrain": "Grass",
    "header": 3,
    "materials": [
        "road_brick_dirt",
        "wall_3",
        "wall_1",
        "grass",
        "road_grass_2",
        "wall_4",
        "fence",
        "road_grass",
        "road_bricks",
        "road_dirt_brick_grass",
        "turbo_pad",
        "road_dirt",
        "wall_2",
        "road_wood",
        "road_metal",
        "start",
        "dirt",
        "tree_trunk",
        "tree_leaves",
        "tree_base"
    ],
    "road_brick_dirt_checkpoint": true,
    "road_brick_dirt_drawflags": false,
    "road_brick_dirt_quadflags": 6144,
    "road_brick_dirt_terrain": "Asphalt",
    "road_bricks_checkpoint": true,
    "road_bricks_drawflags": false,
    "road_bricks_quadflags": 6144,
    "road_bricks_terrain": "Asphalt",
    "road_dirt_brick_grass_checkpoint": true,
    "road_dirt_brick_grass_drawflags": false,
    "road_dirt_brick_grass_quadflags": 6144,
    "road_dirt_brick_grass_terrain": "Asphalt",
    "road_dirt_checkpoint": true,
    "road_dirt_drawflags": false,
    "road_dirt_quadflags": 6144,
    "road_dirt_terrain": "Asphalt",
    "road_grass_2_checkpoint": true,
    "road_grass_2_drawflags": false,
    "road_grass_2_quadflags": 6144,
    "road_grass_2_terrain": "Asphalt",
    "road_grass_checkpoint": true,
    "road_grass_drawflags": false,
    "road_grass_quadflags": 6144,
    "road_grass_terrain": "Asphalt",
    "road_metal_checkpoint": true,
    "road_metal_drawflags": true,
    "road_metal_quadflags": 6144,
    "road_metal_terrain": "Asphalt",
    "road_wood_checkpoint": true,
    "road_wood_drawflags": true,
    "road_wood_quadflags": 6144,
    "road_wood_terrain": "Asphalt",
    "start_checkpoint": true,
    "start_drawflags": false,
    "start_quadflags": 6144,
    "start_terrain": "Asphalt",
    "tree_base_checkpoint": false,
    "tree_base_drawflags": false,
    "tree_base_quadflags": 10240,
    "tree_base_terrain": "Asphalt",
    "tree_leaves_checkpoint": true,
    "tree_leaves_drawflags": true,
    "tree_leaves_quadflags": 10240,
    "tree_leaves_terrain": "Asphalt",
    "tree_trunk_checkpoint": false,
    "tree_trunk_drawflags": false,
    "tree_trunk_quadflags": 10240,
    "tree_trunk_terrain": "Asphalt",
    "turbo_pad_checkpoint": true,
    "turbo_pad_drawflags": true,
    "turbo_pad_quadflags": 6144,
    "turbo_pad_terrain": "Asphalt",
    "wall_1_checkpoint": false,
    "wall_1_drawflags": false,
    "wall_1_quadflags": 10240,
    "wall_1_terrain": "Asphalt",
    "wall_2_checkpoint": false,
    "wall_2_drawflags": true,
    "wall_2_quadflags": 10240,
    "wall_2_terrain": "Asphalt",
    "wall_3_checkpoint": false,
    "wall_3_drawflags": false,
    "wall_3_quadflags": 10240,
    "wall_3_terrain": "Asphalt",
    "wall_4_checkpoint": false,
    "wall_4_drawflags": true,
    "wall_4_quadflags": 10240,
    "wall_4_terrain": "Asphalt"
}
