{
    "header": 4,
    "turbo_pad_10_trigger": 1,
    "turbo_pad_11_trigger": 1,
    "turbo_pad_12_trigger": 1,
    "turbo_pad_13_trigger": 1,
    "turbo_pad_14_trigger": 1,
    "turbo_pad_15_trigger": 1,
    "turbo_pad_16_trigger": 1,
    "turbo_pad_17_trigger": 1,
    "turbo_pad_18_trigger": 1,
    "turbo_pad_19_trigger": 1,
    "turbo_pad_20_trigger": 1,
    "turbo_pad_21_trigger": 1,
    "turbo_pad_22_trigger": 1,
    "turbo_pad_23_trigger": 1,
    "turbo_pad_24_trigger": 1,
    "turbo_pad_25_trigger": 1,
    "turbo_pad_26_trigger": 1,
    "turbo_pad_29_trigger": 1,
    "turbo_pad_2_trigger": 1,
    "turbo_pad_30_trigger": 1,
    "turbo_pad_3_trigger": 1,
    "turbo_pad_4_trigger": 1,
    "turbo_pad_5_trigger": 1,
    "turbo_pad_6_trigger": 1,
    "turbo_pad_7_trigger": 1,
    "turbo_pad_8_trigger": 1,
    "turbo_pad_9_trigger": 1,
    "turbopads": [
        "turbo_pad_19",
        "turbo_pad_2",
        "turbo_pad_18",
        "turbo_pad_3",
        "turbo_pad_4",
        "turbo_pad_5",
        "turbo_pad_6",
        "turbo_pad_7",
        "turbo_pad_13",
        "turbo_pad_8",
        "turbo_pad_12",
        "turbo_pad_9",
        "turbo_pad_10",
        "turbo_pad_11",
        "turbo_pad_14",
        "turbo_pad_15",
        "turbo_pad_16",
        "turbo_pad_17",
        "turbo_pad_20",
        "turbo_pad_21",
        "turbo_pad_22",
        "turbo_pad_23",
        "turbo_pad_24",
        "turbo_pad_25",
        "turbo_pad_26",
        "turbo_pad_29",
        "turbo_pad_30"
    ]
}
